region,2022,2023,growth_rate
Central,226980.2,256688.4,13.088454411442047
East,310009.2,344310.8,11.06470388620724
South,187907.0,190104.5,1.1694614889280337
West,370693.8,329164.8,-11.203046827327569
